{"inventory":["flashlight","gengar"],"mvol":0.20000000298023,"svol":0.20000000298023,"position":{"x":467.5,"y":327},"level":"runGame"}