{"battery1":{"x":400,"y":400,"room":"levelOne"},"battery2":{"x":1218.3485107422,"y":2643.0693359375,"room":"levelOne"},"battery3":{"x":41.98002243042,"y":2077.3969726563,"room":"levelOne"},"flashlightpos":{"x":500,"y":200,"room":"runGame"},"mvol":0.20000000298023,"svol":0.20000000298023,"rockpos":{"x":411.5,"y":410.5,"room":"runGame"},"inventory":[],"gengarpos":{"x":200,"y":200,"room":"runGame"},"position":{"x":1148.3485107422,"y":2772.8056640625},"level":"levelOne"}