{"inventory":["flashlight"],"position":{"y":243.80267333984,"x":500.9020690918}}