{"inventory":["rock"],"position":{"y":687.95672607422,"x":297.85961914063}}