{"svol":0.20000000298023,"level":"runGame","inventory":["flashlight"],"position":{"y":278.6647644043,"x":762.10852050781},"mvol":0.20000000298023}