{"level":"levelTwo","position":{"x":639.80212402344,"y":995.86236572266},"mvol":0.20000000298023,"svol":0.20000000298023,"flashlightpos":{"x":506.44927978516,"y":784.34649658203,"room":"levelTwo"},"battery1":{"x":400,"y":400,"room":"levelOne"},"battery2":{"x":500,"y":500,"room":"levelOne"},"battery3":{"x":600,"y":600,"room":"levelOne"},"rockpos":{"x":721.30212402344,"y":794.84649658203,"room":"levelTwo"},"inventory":[],"gengarpos":{"x":418.47610473633,"y":731.87072753906,"room":"runGame"}}