{"position":{"y":377.9723815918,"x":630.27502441406},"mvol":0.20000000298023,"svol":0.20000000298023,"inventory":[],"level":"levelOne"}