{"mvol":0.20000000298023,"svol":0.20000000298023,"inventory":["gengar","flashlight"],"level":"levelOne","position":{"y":453.09756469727,"x":626.50805664063}}