{"flashlightpos":{"y":200,"x":500},"gengarpos":{"y":884.85314941406,"x":315.97994995117},"position":{"y":511.67272949219,"x":437.96527099609},"inventory":[],"rockpos":{"y":410.5,"x":411.5},"mvol":0.20000000298023,"svol":0.20000000298023,"level":"runGame"}