{"level":"runGame","mvol":0.20000000298023,"svol":0.20000000298023,"position":{"x":764.94378662109,"y":297.30310058594},"inventory":["flashlight","gengar"]}