{"mvol":0.20000000298023,"svol":0.20000000298023,"flashlightpos":{"x":430.37112426758,"y":847.72290039063,"room":"levelThree"},"level":"levelOne","position":{"x":1054.4847412109,"y":3030.9206542969},"battery1":{"x":400,"y":400,"room":"levelOne"},"battery2":{"x":500,"y":500,"room":"levelOne"},"battery3":{"x":600,"y":600,"room":"levelOne"},"rockpos":{"x":1469,"y":2509.0441894531,"room":"levelOne"},"inventory":[],"gengarpos":{"x":858.5,"y":861.01428222656,"room":"levelTwo"}}