{"inventory":[],"battery1":{"y":400,"room":"levelOne","x":400},"battery2":{"y":465.39962768555,"room":"levelOne","x":1227.8662109375},"battery3":{"y":465.39962768555,"room":"levelOne","x":1125.4462890625},"book":{"y":300,"room":"levelThree","x":1390},"gengarpos":{"y":200,"room":"runGame","x":200},"wave4":1,"mvol":0.20000000298023,"svol":0.20000000298023,"three":false,"level":"levelTwo","flashlightpos":{"y":200,"room":"runGame","x":500},"wave1":2,"rockpos":{"y":431.50021362305,"room":"runGame","x":375.71713256836},"wave3":4,"wave2":3,"position":{"y":836.26629638672,"x":293.83441162109}}