{"inventory":[],"position":{"y":811.85314941406,"x":229.7791595459},"svol":0.20000000298023,"level":"runGame","mvol":0.20000000298023}